market,exp_ma_window,exp_ma_diff_method,exp_ma_detection_threshold,exp_pre_window_duration_str,exp_post_window_duration_str,retail_filter_type,retail_filter_threshold,events_retail_driven,events_inst_attempt,events_successful_correction,attempt_rate,success_rate,mean_inst_share_succ,mean_inst_share_fail,mwu_p_inst_share,avg_gap_closed_final,avg_gap_closed_to_min,avg_crossed_zero_flag,avg_time_to_reversion_min,corr_inst_share_vs_gap_closed,corr_inst_share_vs_gap_closed_p,corr_inst_share_nan_reason,corr_abs_first_trade_imp_vs_abs_md0,corr_abs_first_trade_imp_vs_abs_md0_p,mean_first_1_imp_succ,mean_first_1_imp_fail,mean_first_1_correct_dir_succ,mean_first_1_correct_dir_fail,mean_first_2_imp_succ,mean_first_2_imp_fail,mean_first_2_correct_dir_succ,mean_first_2_correct_dir_fail,mean_first_3_imp_succ,mean_first_3_imp_fail,mean_first_3_correct_dir_succ,mean_first_3_correct_dir_fail
PRES-2024-KH,5,percentage,0.02,"1 day, 0:00:00",0:30:00,count,0.5,14829,13325,10279,0.8985771124148628,0.77140712945591,0.8322925390741636,0.854141830743184,8.91856981879917e-05,0.44182813691032574,0.9973634868717612,1.0,2.1933958724202625,-0.052036706869813106,1.851668797394735e-09,,0.10283353484213573,1.1703692584291834e-32,0.00019068002724000489,0.0006664478003939585,0.36151376593053797,0.23933026920551542,0.0003060072267389351,0.0007858889276982182,0.33855433407919056,0.23703217334208798,1.4073694984647714e-05,0.0008157211716722277,0.30936861562408796,0.2330925804333552
PRES-2024-KH,5,percentage,0.02,"1 day, 0:00:00",0:30:00,flow,0.05,9672,8667,6571,0.8960918114143921,0.7581631475712473,0.817298267944513,0.8500156232176794,3.210390518372978e-08,0.407162202001695,0.9959465169685264,1.0,2.1684550594207916,-0.060331776156351644,1.8985408821695653e-08,,0.14232430913299624,1.872258594165784e-40,-0.00020849185816466245,0.0006106870229007625,0.36661086592603864,0.22900763358778625,-0.00016975848792439595,0.0008396560445118863,0.336021914472683,0.22853053435114504,-0.0005688505296194581,0.0008129649309245477,0.31015066199969565,0.22900763358778625
PRES-2024-KH,5,percentage,0.02,"1 day, 0:00:00",0:30:00,flow,0.1,3025,2542,1853,0.8403305785123967,0.7289535798583793,0.7602597687988519,0.8205886588605099,3.7931738151736403e-07,0.1549030414955955,0.9896515071837491,1.0,2.1683713611329662,-0.09285423764941814,2.7403497847772857e-06,,0.11198290050508258,1.504772537931897e-08,-0.001057744198596869,0.001044992743105949,0.3826227738801943,0.28592162554426703,-0.000855354659248956,0.0013311688311688301,0.31084727468969237,0.2714078374455733,-0.0012223133716160778,0.0012062937062937047,0.2784673502428494,0.2597968069666183
PRES-2024-KH,5,percentage,0.02,"1 day, 0:00:00",0:30:00,flow,0.2,631,421,345,0.6671949286846276,0.8194774346793349,0.6091511555533535,0.6916138930144209,0.008801815828371116,0.6607628433884644,1.0,1.0,2.2422802850356294,-0.12224846257825986,0.012063102996188476,,0.04719226889916051,0.3340623278200141,-0.0008405797101449245,0.001184210526315795,0.4144927536231884,0.25,0.0007821229050279337,0.004912280701754392,0.21739130434782608,0.42105263157894735,0.0010569105691056893,0.005434782608695657,0.17391304347826086,0.35526315789473684
PRES-2024-KH,5,percentage,0.02,"1 day, 0:00:00",1:00:00,count,0.5,14829,14084,11252,0.9497606042214579,0.7989207611474013,0.8502082075148699,0.869835452458613,0.00902197822835645,0.47879957649469174,0.9998568081200413,1.0,2.201292246520875,-0.04627975884937313,3.9125409658504784e-08,,0.095360206787419,8.143346138635674e-30,0.00028617134731603357,0.0006355932203389825,0.36624600071098473,0.23693502824858756,0.0004169884169884182,0.0008554996405463694,0.367667970138642,0.2503531073446328,0.00020233625365039738,0.000651453809348546,0.3515819409882687,0.2468220338983051
PRES-2024-KH,5,percentage,0.02,"1 day, 0:00:00",1:00:00,flow,0.05,9672,9230,7215,0.9543010752688172,0.7816901408450704,0.8302085882984921,0.8602447450219689,2.6223938217126266e-06,0.4280857287865459,0.9997815043946545,1.0,2.179523293607801,-0.06284309482881678,1.5158174192306345e-09,,0.13006497426991315,4.110069289957654e-36,-0.00014553014553014495,0.0006799007444168724,0.37075537075537074,0.23225806451612904,-1.3556258472660921e-05,0.0008934881373043915,0.3625779625779626,0.23870967741935484,-0.00026160889470241923,0.0005601659751037342,0.3463617463617464,0.23821339950372208
PRES-2024-KH,5,percentage,0.02,"1 day, 0:00:00",1:00:00,flow,0.1,3025,2793,2131,0.923305785123967,0.7629788757608307,0.76770305764676,0.8197744657043897,8.496629486448137e-05,0.19323538030444665,0.9992779396930401,1.0,2.175796634443251,-0.09927166239234907,1.4639768258192606e-07,,0.10557457269273005,2.236536489484368e-08,-0.001027686532144532,0.0011178247734138962,0.3974659784138902,0.2688821752265861,-0.0006743940990516323,0.0018322981366459634,0.3711872360394181,0.2990936555891239,-0.0009981515711645096,0.0012706270627062704,0.32426091037071797,0.28700906344410876
PRES-2024-KH,5,percentage,0.02,"1 day, 0:00:00",1:00:00,flow,0.2,631,515,442,0.8161648177496038,0.858252427184466,0.6339143768355104,0.6159977031010779,0.6457170983826144,0.6974433386828536,1.0,1.0,2.2524271844660193,-0.030803334835774694,0.4854862820445472,,0.06697155316199022,0.12905528452747242,-0.0008823529411764658,0.0008219178082191788,0.40497737556561086,0.3287671232876712,0.000647058823529415,0.005230769230769235,0.334841628959276,0.4794520547945205,0.00046153846153846196,0.0037931034482758656,0.2669683257918552,0.4520547945205479
PRES-2024-KH,5,percentage,0.02,"1 day, 0:00:00",2:00:00,count,0.5,14829,14463,11702,0.9753186324094679,0.809099080412086,0.8709493149219697,0.8894717136887638,0.016814450413518325,0.4921762944890402,1.0,1.0,2.205282444859296,-0.041097698530470635,7.647219157985416e-07,,0.09497470801609915,2.4409163522534994e-30,0.00037344043753204695,0.0003477001086562832,0.3680567424371902,0.241216950380297,0.0004942693409742136,0.0005691353520612917,0.3830969065117074,0.25461789206809127,0.0003658422771815224,0.0004924660051451673,0.3824132626901384,0.24918507787033684
PRES-2024-KH,5,percentage,0.02,"1 day, 0:00:00",2:00:00,flow,0.05,9672,9479,7512,0.9800454921422663,0.7924886591412597,0.8476138611324303,0.8800427124565239,2.432867903507866e-12,0.4300107534695307,1.0,1.0,2.184513134296867,-0.058004063994692705,1.5924065844716426e-08,,0.1313568375616353,9.425435609137997e-38,-5.857294994675109e-05,0.00043213014743263747,0.3730031948881789,0.23894255210981188,3.0513176144244993e-05,0.0006656426011264722,0.3808572949946752,0.23995932892730046,-0.00015162454873646124,0.0006085611139762766,0.3813897763578275,0.2364006100660905
PRES-2024-KH,5,percentage,0.02,"1 day, 0:00:00",2:00:00,flow,0.1,3025,2923,2271,0.9662809917355372,0.7769414984604858,0.7863525642105533,0.8325495439093085,0.00012695204838971089,0.13972207687104943,1.0,1.0,2.1837153609305506,-0.09366368881056511,3.9180812476070016e-07,,0.10524296048788648,1.1747693405642092e-08,-0.0010259797446058989,0.0008128834355828204,0.38881549977983265,0.3098159509202454,-0.000534458509142051,0.0010436137071651098,0.39145750770585647,0.3113496932515337,-0.0007235528942115755,0.0006466876971608828,0.3844121532364597,0.2837423312883436
PRES-2024-KH,5,percentage,0.02,"1 day, 0:00:00",2:00:00,flow,0.2,631,595,513,0.9429477020602218,0.8621848739495799,0.6557384207554713,0.6183306851650867,0.4968952411982517,0.722454102304398,1.0,1.0,2.265546218487395,-0.03419820865970936,0.4050289721617563,,0.0755937397768261,0.0653744018107086,-0.0013060428849902465,0.001097560975609757,0.391812865497076,0.4268292682926829,0.0002727272727272803,0.002638888888888899,0.38011695906432746,0.4268292682926829,0.00029023746701847196,0.0008823529411764779,0.3469785575048733,0.2926829268292683
PRES-2024-KH,5,percentage,0.02,12:00:00,0:30:00,count,0.5,14740,13283,10237,0.9011533242876526,0.7706843333584281,0.8317214915990154,0.854141830743184,2.9277266187631234e-05,0.44006323302944295,0.9973551503851704,1.0,2.19204998870737,-0.05292859755585452,1.0355925377060827e-09,,0.10485532481307282,8.579060883614612e-34,0.00017583276350493398,0.0006664478003939585,0.36143401387125135,0.23933026920551542,0.0002906253533868607,0.0007858889276982182,0.33916186382729313,0.23703217334208798,5.120327700973776e-06,0.0008157211716722277,0.3101494578489792,0.2330925804333552
PRES-2024-KH,5,percentage,0.02,12:00:00,0:30:00,flow,0.05,9218,8152,6245,0.8843566934259058,0.7660696761530913,0.8113528404037108,0.8385666991643772,0.0002478729413766114,0.4173377924401628,0.9958706442723079,1.0,2.1788518155053973,-0.05447029557988936,8.61310992443511e-07,,0.1374812371218055,1.0839598450835879e-35,-4.323458767013526e-05,0.0007079181961195586,0.37165732586068856,0.2270582066072365,4.480119469852592e-05,0.0008639186900056459,0.3359487590072058,0.22653382275825903,-0.0002934966216216208,0.0008890214797136029,0.30968775020016015,0.21394861038280022
PRES-2024-KH,5,percentage,0.02,12:00:00,0:30:00,flow,0.1,3866,3269,2476,0.8455768235902742,0.757418170694402,0.767796061887074,0.8121240573891697,0.00043466933304616643,0.28229027975369847,0.9919529309455767,1.0,2.183848271642704,-0.07900987246680707,6.104229444618637e-06,,0.12334714440580156,1.4759025780298698e-12,-0.0010945072697899835,0.0008575031525851173,0.3711631663974152,0.2547288776796974,-0.0009068010075566743,0.0009668508287292808,0.32067851373182554,0.2484237074401009,-0.0013380281690140835,0.0009792284866468827,0.28392568659127626,0.23959646910466584
PRES-2024-KH,5,percentage,0.02,12:00:00,0:30:00,flow,0.2,892,629,530,0.7051569506726457,0.8426073131955485,0.6693055971861852,0.6839588811894863,0.6265925961123385,0.6926043393857534,1.0,1.0,2.2146263910969792,-0.03570498574937278,0.37133239978006766,,0.14182964438328755,0.0003596530600755158,-0.0013396226415094321,0.0008080808080808099,0.3754716981132076,0.20202020202020202,-0.0006896551724137913,0.002236842105263161,0.23962264150943396,0.23232323232323232,0.00015503875968992262,0.0030769230769230795,0.22075471698113208,0.24242424242424243
PRES-2024-KH,5,percentage,0.02,12:00:00,1:00:00,count,0.5,14740,14031,11201,0.9518995929443691,0.798303755968926,0.8497276810881477,0.8697552566102917,0.005285719959093923,0.47725800020480424,0.9998562672341715,1.0,2.1999144750908703,-0.04691557152435612,2.7003128845511797e-08,,0.09723868147116999,7.869222595546728e-31,0.00027229711632890025,0.0006360424028268545,0.3658601910543701,0.2371024734982332,0.0004015869943874601,0.0008561151079136691,0.3685385233461298,0.25053003533568907,0.00019216710182767734,0.000651453809348546,0.35246852959557184,0.2469964664310954
PRES-2024-KH,5,percentage,0.02,12:00:00,1:00:00,flow,0.05,9218,8728,6885,0.9468431330006509,0.7888405132905592,0.8246185779728634,0.8514352826966032,0.0015085383711353222,0.44349664993933824,0.9997689373926055,1.0,2.1897341888175985,-0.05441470783088295,3.644099767950316e-07,,0.12477014702086617,1.2659451080919887e-31,-5.809731299926416e-06,0.0008572978838849693,0.37777777777777777,0.22843190450352685,0.00017834394904458686,0.0011406423034330008,0.3670297748729121,0.23874118285404233,-7.456216403676005e-05,0.0008171428571428568,0.34538852578068263,0.22843190450352685
PRES-2024-KH,5,percentage,0.02,12:00:00,1:00:00,flow,0.1,3866,3603,2820,0.9319710294878427,0.7826810990840966,0.7790914395514011,0.814239590969815,0.06524130643741136,0.3071231684001447,0.9994402679885265,1.0,2.195947821260061,-0.08416917848549316,4.203988734651608e-07,,0.10579659193856197,1.938835392723757e-10,-0.0010425531914893611,0.0009195402298850557,0.38085106382978723,0.26053639846743293,-0.0007185391028185779,0.001576872536136663,0.3670212765957447,0.28735632183908044,-0.0010017969451931712,0.0011338797814207655,0.324822695035461,0.2848020434227331
PRES-2024-KH,5,percentage,0.02,12:00:00,1:00:00,flow,0.2,892,730,618,0.8183856502242153,0.8465753424657534,0.695303053809308,0.6807442873518516,0.31704786123630146,0.6714878590405468,1.0,1.0,2.228767123287671,-0.004357323917034852,0.9064422762937386,,0.12167414110660262,0.0009874898538343917,-0.0014401294498381843,0.0007142857142857149,0.38996763754045305,0.25,-0.0005567010309278319,0.0021904761904761923,0.33495145631067963,0.2857142857142857,2.5125628140704657e-05,0.0019387755102040834,0.28640776699029125,0.30357142857142855
PRES-2024-KH,5,percentage,0.02,12:00:00,2:00:00,count,0.5,14740,14398,11637,0.976797829036635,0.8082372551743298,0.8706860099115653,0.8894717136887638,0.013085627293287602,0.48995206970404354,1.0,1.0,2.2040561189054033,-0.041538540213636684,6.164284972304955e-07,,0.09661527030968728,3.2916577336140158e-31,0.0003540431382658771,0.0003477001086562832,0.36710492394947153,0.241216950380297,0.00047554836389788,0.0005691353520612917,0.38360402165506574,0.25461789206809127,0.0003519281168101846,0.0004924660051451673,0.38334622325341583,0.24918507787033684
PRES-2024-KH,5,percentage,0.02,12:00:00,2:00:00,flow,0.05,9218,8990,7232,0.9752657843349968,0.8044493882091213,0.8451059155188257,0.8702714454902872,0.0005266412686743805,0.4466958343423526,1.0,1.0,2.1951056729699667,-0.052589507633037894,6.06721545020322e-07,,0.12529741130784472,8.713698980564215e-33,0.00010647123893805415,0.00043230944254834944,0.3779037610619469,0.23833902161547213,0.0002683492892370189,0.0006987399770904928,0.38689159292035397,0.2354948805460751,9.691096305269637e-05,0.0006766917293233083,0.3799778761061947,0.23265073947667805
PRES-2024-KH,5,percentage,0.02,12:00:00,2:00:00,flow,0.1,3866,3770,2977,0.975168132436627,0.7896551724137931,0.7966233675774004,0.8274529771566431,0.03925060305318716,0.27009950836047564,1.0,1.0,2.203183023872679,-0.07536026285042964,3.6180373100937415e-06,,0.10791401663438954,3.0701640194547236e-11,-0.0010043668122270734,0.0006431273644388382,0.376217668794088,0.29760403530895335,-0.0005919886565047836,0.0008056265984654738,0.3913335572724219,0.30138713745271123,-0.0006817325800376635,0.0005591677503250973,0.376217668794088,0.27616645649432536
PRES-2024-KH,5,percentage,0.02,12:00:00,2:00:00,flow,0.2,892,822,699,0.92152466367713,0.8503649635036497,0.6989649090903538,0.668528461402672,0.18909125361757562,0.6730354516700808,1.0,1.0,2.24330900243309,-0.017384058439064196,0.6187028830518588,,0.11458484144945134,0.0009981215060950997,-0.0013590844062947019,-0.00032520325203252244,0.39341917024320455,0.2926829268292683,-0.0008731466227347536,0.0006194690265486781,0.36909871244635195,0.3008130081300813,-7.736943907156358e-05,4.1503664471968466e-18,0.3333333333333333,0.24390243902439024
PRES-2024-KH,5,z_score,2.0,"1 day, 0:00:00",0:30:00,count,0.5,4615,3796,3640,0.8225352112676056,0.958904109589041,0.8391713572606011,0.8570698191065614,0.6544748716414268,0.8685205371079232,0.9999063007232926,1.0,2.1865121180189675,-0.047185836786764614,0.0036390978663686595,,-0.05267062632388658,0.001169111536016938,-0.0009120879120879102,-0.0009615384615384609,0.5200549450549451,0.47435897435897434,-0.0011924398625429535,-0.00046511627906976785,0.4760989010989011,0.4551282051282051,-0.00202974276527331,-0.0012820512820512814,0.43021978021978025,0.391025641025641
PRES-2024-KH,5,z_score,2.0,"1 day, 0:00:00",0:30:00,flow,0.05,2951,2399,2279,0.8129447644866147,0.9499791579824927,0.8219176295341688,0.8463976789798752,0.504114642059693,0.8574284406839884,0.9998517372011748,1.0,2.0454355981659025,-0.06170154716773259,0.002499332953665571,,-0.009404874554489757,0.6452169483929842,-0.0019131197893813058,-0.0012499999999999983,0.5625274243089075,0.5083333333333333,-0.002323177366702937,-0.0007142857142857137,0.5041684949539271,0.48333333333333334,-0.003126954346466541,-0.0013483146067415717,0.46511627906976744,0.425
PRES-2024-KH,5,z_score,2.0,"1 day, 0:00:00",0:30:00,flow,0.1,1010,724,679,0.7168316831683168,0.9378453038674033,0.7678157771762534,0.8405597635601776,0.06274547971413022,0.8607212371057661,0.9995920874780646,1.0,2.164364640883978,-0.07331475644413427,0.048615996359733994,,-0.04953499040480172,0.1830690612863606,-0.003681885125184094,-0.00044444444444444485,0.5301914580265096,0.5111111111111111,-0.004334763948497855,0.00033333333333333365,0.4020618556701031,0.37777777777777777,-0.00556756756756757,-0.0008000000000000007,0.3446244477172312,0.26666666666666666
PRES-2024-KH,5,z_score,2.0,"1 day, 0:00:00",0:30:00,flow,0.2,328,164,158,0.5,0.9634146341463414,0.6862245673321016,0.8854648650512925,0.1128834333061487,0.901082048717404,1.0,1.0,2.317073170731707,-0.040431082313918135,0.6072377189856931,,0.041232159053129894,0.6001300600963362,-0.0025949367088607526,0.001666666666666668,0.5379746835443038,0.16666666666666666,-0.0016666666666666616,0.0050000000000000044,0.25316455696202533,0.16666666666666666,-0.0025,0.0,0.17721518987341772,0.0
PRES-2024-KH,5,z_score,2.0,"1 day, 0:00:00",1:00:00,count,0.5,4615,4179,3975,0.9055254604550379,0.9511844938980617,0.8498976256051306,0.8500371501879004,0.2816318916586813,0.8693537328924104,0.9999767339322237,1.0,2.241206030150754,-0.01927075737367731,0.21294630540087048,,-0.03553671448177829,0.021600759326109133,-0.0007069182389937086,-4.901960784313893e-05,0.5227672955974842,0.45588235294117646,-0.0008350071736011455,-5.291005291005237e-05,0.5144654088050314,0.5098039215686274,-0.0015015974440894546,-0.0009580838323353295,0.48327044025157234,0.45588235294117646
PRES-2024-KH,5,z_score,2.0,"1 day, 0:00:00",1:00:00,flow,0.05,2951,2677,2528,0.9071501186038631,0.9443406798655211,0.8251632746076168,0.8553144497854189,0.05893864607544192,0.8619274355427479,0.9999636799039087,1.0,2.1228987672768023,-0.049130218640499296,0.011011537072622032,,0.0060380984818939505,0.754837964277496,-0.0016653481012658211,0.00013422818791946172,0.564873417721519,0.4563758389261745,-0.0018918918918918908,0.00022058823529411947,0.5399525316455697,0.5033557046979866,-0.0024836601307189534,-0.0006837606837606825,0.5090981012658228,0.4429530201342282
PRES-2024-KH,5,z_score,2.0,"1 day, 0:00:00",1:00:00,flow,0.1,1010,836,764,0.8277227722772277,0.9138755980861244,0.7642536161594723,0.8410315958226797,0.0016019960597395593,0.8487373177947343,0.9998836974913438,1.0,2.2404306220095696,-0.08489090445435121,0.014077966045510705,,-0.03350278598532974,0.3332888797365975,-0.0034554973821989523,0.000694444444444442,0.5471204188481675,0.4444444444444444,-0.0033898305084745757,0.0008064516129032283,0.4882198952879581,0.4861111111111111,-0.004199623352165726,-0.00039215686274509623,0.41361256544502617,0.4444444444444444
PRES-2024-KH,5,z_score,2.0,"1 day, 0:00:00",1:00:00,flow,0.2,328,211,197,0.6432926829268293,0.933649289099526,0.6774465717791871,0.7905848778907514,0.1058069636115685,0.8969496863254116,1.0,1.0,2.374407582938389,0.05623761895772672,0.4163962063468859,,0.041976346441239,0.5442578612669979,-0.0024873096446700427,0.0028571428571428437,0.5634517766497462,0.42857142857142855,-0.0017006802721088374,0.0038461538461538494,0.39086294416243655,0.35714285714285715,-0.0022321428571428553,0.0014285714285714299,0.2893401015228426,0.21428571428571427
PRES-2024-KH,5,z_score,2.0,"1 day, 0:00:00",2:00:00,count,0.5,4615,4401,4194,0.9536294691224269,0.9529652351738241,0.8638469066752635,0.8497907609714795,0.0017217520564230455,0.8740206881715039,1.0,1.0,2.2665303340149965,-0.004674746930522021,0.7565332260817401,,-0.025509571401937985,0.09062682714889081,-0.0005770147830233646,-9.661835748792171e-05,0.5255126371006199,0.46859903381642515,-0.0007406451612903196,0.00020100502512562945,0.5371959942775394,0.48792270531400966,-0.0012430786267995546,-0.0009604519774011302,0.5202670481640439,0.4492753623188406
PRES-2024-KH,5,z_score,2.0,"1 day, 0:00:00",2:00:00,flow,0.05,2951,2826,2678,0.9576414774652661,0.9476291578202406,0.8396661901247703,0.837472544650935,0.23316792933205666,0.8629624254166502,1.0,1.0,2.1556970983722574,-0.0267166084299949,0.155641566948751,,0.014810639264412728,0.4312640547680405,-0.0014488424197162048,-0.00040540540540540354,0.5660941000746826,0.5067567567567568,-0.001747301079568171,2.3291392125003285e-18,0.564973861090366,0.5067567567567568,-0.0021327623126338314,-0.0010317460317460319,0.5466766243465273,0.4864864864864865
PRES-2024-KH,5,z_score,2.0,"1 day, 0:00:00",2:00:00,flow,0.1,1010,917,843,0.907920792079208,0.9193020719738277,0.776702899295737,0.7981495077084286,0.7267129341232084,0.8524614720928714,1.0,1.0,2.2977099236641223,-0.00946195148324595,0.774769002322682,,-0.02460652271198984,0.4567365930303141,-0.0031316725978647684,0.00013513513513513825,0.5444839857651246,0.5405405405405406,-0.0031462140992167082,0.0007042253521126798,0.5148279952550415,0.5675675675675675,-0.0036705202312138723,-0.0007017543859649129,0.4792408066429419,0.5
PRES-2024-KH,5,z_score,2.0,"1 day, 0:00:00",2:00:00,flow,0.2,328,265,240,0.8079268292682927,0.9056603773584906,0.6699313819153315,0.7216322633650001,0.6788367924158845,0.850053363160031,1.0,1.0,2.4716981132075473,-0.0011301732099431444,0.9853908150285972,,0.06088241724615902,0.32348334043412647,-0.0022083333333333256,0.0020000000000000104,0.5625,0.6,-0.0017187499999999905,0.0022727272727272848,0.42083333333333334,0.52,-0.00242038216560509,0.0015384615384615398,0.3333333333333333,0.32
PRES-2024-KH,5,z_score,2.0,12:00:00,0:30:00,count,0.5,4546,3762,3606,0.827540695116586,0.9585326953748007,0.8378776277701677,0.8570698191065614,0.5491517117167362,0.8673322591338855,0.9999054538930405,1.0,2.1796916533758637,-0.05075304988902605,0.0018462079860520858,,-0.04914933148895341,0.0025663891840187972,-0.0009622850804215177,-0.0009615384615384609,0.5207986688851913,0.47435897435897434,-0.0012400690846286683,-0.00046511627906976785,0.47781475318912925,0.4551282051282051,-0.0020628525382755825,-0.0012820512820512814,0.4328896283971159,0.391025641025641
PRES-2024-KH,5,z_score,2.0,12:00:00,0:30:00,flow,0.05,2918,2347,2236,0.8043180260452365,0.9527055815935237,0.8204653716821768,0.8416593005113463,0.3532902562451543,0.8636630216485888,0.9998741675901657,1.0,2.1009799744354494,-0.03696285853084337,0.07339689347418338,,-0.005456705007933618,0.7916136143884267,-0.0015921288014311258,-0.0012612612612612603,0.5491949910554562,0.5225225225225225,-0.0020034052213393863,-0.0007954545454545461,0.48524150268336314,0.4864864864864865,-0.0027127659574468074,-0.001392405063291139,0.4405187835420394,0.3963963963963964
PRES-2024-KH,5,z_score,2.0,12:00:00,0:30:00,flow,0.1,1313,978,932,0.7448591012947449,0.9529652351738241,0.7743184153235628,0.8167211140184648,0.30421669456130773,0.8733385101407117,0.9996980279489966,1.0,2.144171779141104,-0.038906500027105224,0.2241270874078764,,-0.023479690933110118,0.4632887460211622,-0.0036909871244635187,-0.0019565217391304367,0.5407725321888412,0.5217391304347826,-0.004403534609720176,-0.0029032258064516153,0.434549356223176,0.41304347826086957,-0.0054627949183303085,-0.0032142857142857173,0.388412017167382,0.3695652173913043
PRES-2024-KH,5,z_score,2.0,12:00:00,0:30:00,flow,0.2,410,231,224,0.5634146341463414,0.9696969696969697,0.6797535998823384,0.9173820358731799,0.017280480091861648,0.912649050565722,1.0,1.0,2.225108225108225,-0.04539622537893327,0.4923511805385682,,-0.015556662406384855,0.8140749327537757,-0.003392857142857139,0.0,0.5535714285714286,0.2857142857142857,-0.004385964912280698,-0.003333333333333336,0.2857142857142857,0.14285714285714285,-0.0046590909090909105,-0.003333333333333336,0.22767857142857142,0.14285714285714285
PRES-2024-KH,5,z_score,2.0,12:00:00,1:00:00,count,0.5,4546,4135,3932,0.9095908490981083,0.950906892382104,0.8486873853161937,0.8492984169375944,0.2980715149375389,0.8685033467777538,0.9999764863610068,1.0,2.234582829504232,-0.021045157704728482,0.17604675500432262,,-0.03309706032638481,0.03331952798566297,-0.0007680569684638839,-4.926108374384405e-05,0.5226347914547305,0.458128078817734,-0.0008894022523823252,-5.3191489361701585e-05,0.5167853509664293,0.5123152709359606,-0.0015357486373837746,-0.0009580838323353295,0.48677517802644965,0.458128078817734
PRES-2024-KH,5,z_score,2.0,12:00:00,1:00:00,flow,0.05,2918,2625,2488,0.8995887594242632,0.9478095238095238,0.8225412974802784,0.8477401730138828,0.1889812724061618,0.8689130479612994,0.9999629604201004,1.0,2.173714285714286,-0.022623354548109136,0.24657921919660136,,0.01119915818924722,0.5662853469131417,-0.0013545016077170396,7.299270072992464e-05,0.5542604501607717,0.46715328467153283,-0.0015078630897317287,7.936507936508031e-05,0.5297427652733119,0.5109489051094891,-0.00203116883116883,-0.000654205607476635,0.49356913183279744,0.44525547445255476
PRES-2024-KH,5,z_score,2.0,12:00:00,1:00:00,flow,0.1,1313,1123,1052,0.8552932216298553,0.9367764915405165,0.7731387507905176,0.8136007962171522,0.127935652631898,0.8541528921711794,0.9999134203942683,1.0,2.223508459483526,-0.029851353391538417,0.31757039836307144,,-0.009060614583892478,0.7616611860417012,-0.0033650190114068433,-0.0016901408450704272,0.5551330798479087,0.38028169014084506,-0.0035038932146829807,-0.0022222222222222205,0.49619771863117873,0.4507042253521127,-0.004036697247706422,-0.002857142857142855,0.45722433460076045,0.4225352112676056
PRES-2024-KH,5,z_score,2.0,12:00:00,1:00:00,flow,0.2,410,280,265,0.6829268292682927,0.9464285714285714,0.6984900043898833,0.7929711478133776,0.10789628635961362,0.9048484693591892,1.0,1.0,2.2857142857142856,0.03353080710639456,0.5763494901476772,,0.014841831459412327,0.8047116821220199,-0.0032830188679245234,0.001999999999999987,0.5773584905660377,0.3333333333333333,-0.003299999999999995,0.0020000000000000018,0.43018867924528303,0.3333333333333333,-0.003157894736842104,0.0,0.3320754716981132,0.26666666666666666
PRES-2024-KH,5,z_score,2.0,12:00:00,2:00:00,count,0.5,4546,4349,4142,0.9566652001759789,0.9524028512301679,0.8629868414132221,0.8497907609714795,0.0023625223705826697,0.8726766290167972,1.0,1.0,2.2605196596918833,-0.006436343534325456,0.6713181667755715,,-0.024085387545917446,0.11225658776553715,-0.0006518590053114417,-9.661835748792171e-05,0.524142926122646,0.46859903381642515,-0.0008046874999999975,0.00020100502512562945,0.5388701110574602,0.48792270531400966,-0.0012924791086350949,-0.0009604519774011302,0.5236600676001931,0.4492753623188406
PRES-2024-KH,5,z_score,2.0,12:00:00,2:00:00,flow,0.05,2918,2775,2634,0.950993831391364,0.9491891891891892,0.8373419447005341,0.833223543019583,0.39443889219359074,0.8726370432765052,1.0,1.0,2.205765765765766,-0.012720943337303317,0.5029582258449901,,0.018951200723253864,0.3183005615809834,-0.0012072892938496565,-0.0002836879432624108,0.5550493545937737,0.5106382978723404,-0.0014649158801805482,0.0001481481481481491,0.5539104024297646,0.5035460992907801,-0.001723985890652556,-0.0006034482758620704,0.5353075170842825,0.48226950354609927
PRES-2024-KH,5,z_score,2.0,12:00:00,2:00:00,flow,0.1,1313,1223,1149,0.9314546839299315,0.9394930498773508,0.7872355426296039,0.7857234925650658,0.3477821126018854,0.8643870031652359,1.0,1.0,2.268192968111202,0.009724557790315894,0.7340509467659537,,0.004238426466122207,0.8822852547757626,-0.003115752828546561,-0.0018918918918918906,0.5517841601392516,0.527027027027027,-0.003352165725047079,-0.0015714285714285698,0.5221932114882507,0.5135135135135135,-0.0036638830897703536,-0.0024528301886792476,0.5056570931244561,0.4864864864864865
PRES-2024-KH,5,z_score,2.0,12:00:00,2:00:00,flow,0.2,410,339,312,0.8268292682926829,0.9203539823008849,0.6911228411197119,0.6972472796647927,0.9274239171579883,0.8436187526795065,1.0,1.0,2.4070796460176993,0.014494760369629364,0.790312313460579,,0.0347046478399255,0.5242472678645423,-0.0027884615384615344,0.0018518518518518617,0.5737179487179487,0.5555555555555556,-0.0033720930232558045,0.0016666666666666774,0.46474358974358976,0.4444444444444444,-0.0033009708737864025,0.003333333333333336,0.3717948717948718,0.4074074074074074
PRES-2024-KH,15,percentage,0.02,"1 day, 0:00:00",0:30:00,count,0.5,29021,24948,15995,0.8596533544674546,0.6411335578002245,0.8322956149250827,0.8441427133268781,0.05323433573950299,-0.2610542736023672,0.8690704975333234,1.0,5.660092993426327,-0.04408046391283966,3.271981780588166e-12,,0.09945047431167785,7.270501831523118e-56,0.000464520162550798,0.0006422428236345356,0.3245389184120038,0.2096503965151346,0.0005435032579532399,0.000762783918377262,0.2806502031884964,0.2137830894672177,0.00016329492878526804,0.0009405940594059403,0.23894967177242887,0.20484753713838938
PRES-2024-KH,15,percentage,0.02,"1 day, 0:00:00",0:30:00,flow,0.05,17847,15491,9759,0.8679890177620889,0.6299786973081144,0.8162195015750118,0.8280152924887358,0.12070362286526286,-0.20470059468335156,0.8562371973911203,1.0,5.56084177909754,-0.041474957802642154,2.418613990568095e-07,,0.13896061240741064,1.2024118459729813e-67,6.455579465109183e-05,0.0009124214933705512,0.3296444307818424,0.19347522679692952,0.0001402278702892204,0.0010269552012148824,0.2842504354954401,0.20097697138869505,-0.00033080734479743476,0.0011140967341876809,0.24152064760733682,0.19853454291695743
PRES-2024-KH,15,percentage,0.02,"1 day, 0:00:00",0:30:00,flow,0.1,5104,4142,2505,0.8115203761755486,0.604780299372284,0.7434753288772676,0.7751197967715837,0.0020623222817051424,-0.18958046767469455,0.8315603147378037,1.0,5.268952197006278,-0.055594167894484216,0.0003440696531917139,,0.08722494319287319,1.880179283594863e-08,-0.0005548902195608774,0.0018020769700671962,0.3656686626746507,0.26450824679291385,-0.0005527638190954759,0.0024505649717514134,0.2654690618762475,0.27000610873549175,-0.0012359550561797743,0.0021521035598705504,0.21397205588822354,0.2272449602932193
PRES-2024-KH,15,percentage,0.02,"1 day, 0:00:00",0:30:00,flow,0.2,1128,766,435,0.6790780141843972,0.5678851174934726,0.5804948817283602,0.6301752759079294,0.015924844794118338,-0.2704518720102508,0.921817380163433,1.0,5.652741514360313,-0.16137053391972944,7.177390377354228e-06,,0.04917400075162162,0.17396467765551574,-0.0007356321839080417,0.0022960725075528723,0.38620689655172413,0.24169184290030213,0.0007692307692307723,0.005585937500000006,0.18850574712643678,0.44410876132930516,-0.00013698630136986238,0.005087719298245618,0.11494252873563218,0.2688821752265861
PRES-2024-KH,15,percentage,0.02,"1 day, 0:00:00",1:00:00,count,0.5,29021,26923,17837,0.9277075221391407,0.6625190357686737,0.8504318518079406,0.8626538298994827,0.938986250133852,-0.20953114799203537,0.9598282891355907,1.0,5.750399286855106,-0.043169723530233836,1.3768349539199656e-12,,0.08426509845338828,1.2649391252975588e-43,0.0006144531031002982,0.0005690072639225179,0.3392947244491787,0.20592119744662118,0.0007077409162717231,0.000759608824198317,0.3272411279923754,0.20977327756988773,0.00047514204545454655,0.0007456865989127863,0.29040757974995796,0.20977327756988773
PRES-2024-KH,15,percentage,0.02,"1 day, 0:00:00",1:00:00,flow,0.05,17847,16802,10976,0.9414467417493136,0.6532555648137126,0.8241484934915875,0.8452894988411949,0.0005036465656544762,-0.16692260364342723,0.9536080887143877,1.0,5.662064039995238,-0.05909026666590807,1.7805511643119108e-14,,0.11956333257395185,1.5238119626355343e-54,0.00023141399416909698,0.0007466529351184345,0.3376457725947522,0.19842087195331273,0.00036185567010309347,0.000929861849096706,0.3251639941690962,0.1958462066598009,0.00013475836431226822,0.0008915662650602414,0.29017857142857145,0.19636113971850327
PRES-2024-KH,15,percentage,0.02,"1 day, 0:00:00",1:00:00,flow,0.1,5104,4629,3014,0.906935736677116,0.6511125513069778,0.7437727085002317,0.7847941119205127,0.0005209711771004285,-0.10377390661532737,0.9359173058185676,1.0,5.372866709872542,-0.06365963683008585,1.4614358072501843e-05,,0.08129109906160309,3.051488394204409e-08,-0.00047777040477770265,0.0018390092879256967,0.37657597876575977,0.26996904024767804,0.00018306636155606567,0.0022721354166666675,0.3480424684804247,0.28173374613003094,-0.00043273753527751566,0.0020483641536273123,0.28301260783012605,0.24891640866873066
PRES-2024-KH,15,percentage,0.02,"1 day, 0:00:00",1:00:00,flow,0.2,1128,936,659,0.8297872340425532,0.7040598290598291,0.5924898211140889,0.6519906095414882,0.00018216970739545323,0.11385628959149303,0.971086407633355,1.0,5.831196581196581,-0.09596704978783765,0.0032939081172429193,,0.06283974482975954,0.05462374268176435,-0.0003945371775417247,0.002093862815884478,0.37329286798179057,0.2527075812274368,0.0015748031496063035,0.004849624060150381,0.3186646433990895,0.4729241877256318,0.0008247422680412381,0.00454545454545455,0.2276176024279211,0.37545126353790614
PRES-2024-KH,15,percentage,0.02,"1 day, 0:00:00",2:00:00,count,0.5,29021,27940,19138,0.9627511112642569,0.6849677881173944,0.8688172650256102,0.887610950344506,7.50423271270392e-07,-0.14346583435055466,0.9913037538104964,1.0,5.787007874015748,-0.03749456691286855,3.628164603209046e-10,,0.0833918862561382,2.626269836347676e-44,0.0006552408820148407,0.0005532833446943874,0.3461699237119866,0.19904567143830948,0.0007954481753461531,0.0006265143648321218,0.3485212665900303,0.20563508293569643,0.0007356720253391513,0.0005932600046805521,0.3267844079841154,0.2176778004998864
PRES-2024-KH,15,percentage,0.02,"1 day, 0:00:00",2:00:00,flow,0.05,17847,17368,11653,0.9731607553090155,0.6709465684016582,0.8407280475849509,0.8703330821916538,1.289295209587589e-19,-0.13920322767221277,0.9873863483701749,1.0,5.687413634269921,-0.04125469076071695,5.364510549112183e-08,,0.12095248421635775,1.3265833149155185e-57,0.00030206813696044023,0.0007261592300962378,0.3487513944906891,0.1879265091863517,0.000347026140814283,0.0008865248226950358,0.35149746846305674,0.19020122484689414,0.000324455205811139,0.0008103727714748786,0.32558139534883723,0.20559930008748906
PRES-2024-KH,15,percentage,0.02,"1 day, 0:00:00",2:00:00,flow,0.1,5104,4876,3277,0.9553291536050157,0.6720672682526662,0.7651277004947364,0.8076484166126223,0.00011167317091851607,-0.19673443991794715,0.9821911079250933,1.0,5.417555373256768,-0.04597350640552546,0.0013221441282560704,,0.08329819862341101,5.704056515416239e-09,-0.0005004577357339014,0.0016635397123202001,0.3777845590479097,0.2682926829268293,0.00011889035667107323,0.0018710089399744583,0.3881599023497101,0.2564102564102564,-0.0001437814521926656,0.0017328990228013036,0.3506255721696674,0.2626641651031895
PRES-2024-KH,15,percentage,0.02,"1 day, 0:00:00",2:00:00,flow,0.2,1128,1070,776,0.9485815602836879,0.7252336448598131,0.6257539824876308,0.6497162687008649,0.005974066236504005,0.14043856083826198,0.9915220293724968,1.0,5.876635514018692,-0.05255374298300784,0.08574994017137064,,0.0762436082349295,0.012605996546051795,-0.0006701030927834976,0.00163265306122449,0.3582474226804124,0.25170068027210885,0.001299852289512565,0.002786259541984737,0.40463917525773196,0.29591836734693877,0.0010517241379310385,0.0026907630522088393,0.3234536082474227,0.30272108843537415
PRES-2024-KH,15,percentage,0.02,12:00:00,0:30:00,count,0.5,28751,24832,15891,0.8636916976800807,0.6399403994845361,0.8313681448779771,0.8440220419891543,0.011942728645906875,-0.26526106730389143,0.8684588745353315,1.0,5.653632409793815,-0.045386688894888935,8.340503610774382e-13,,0.10199636009918446,2.0345852938577962e-58,0.00044301806053741194,0.0006431047981210153,0.3242086715751054,0.20858964321664245,0.0005146324602504043,0.000762783918377262,0.281668869171229,0.21407001453976066,0.00015328798185941126,0.0009405940594059403,0.23994713989050406,0.20512246952242477
PRES-2024-KH,15,percentage,0.02,12:00:00,0:30:00,flow,0.05,17334,14774,9506,0.8523133725625938,0.6434276431568973,0.8109361360267221,0.822930476373694,0.9082741259868566,-0.1996380221192138,0.861779439504126,1.0,5.630161093813456,-0.044329504205634106,7.031212529693532e-08,,0.12687021579838614,4.578695955638597e-54,0.00026088786029875954,0.0009035687167805617,0.33431516936671574,0.19893697798025817,0.0003249190938511334,0.0011429168407856248,0.28350515463917525,0.20463173880030372,-5.497861942577803e-05,0.0012193995381062355,0.23932253313696614,0.1909643128321944
PRES-2024-KH,15,percentage,0.02,12:00:00,0:30:00,flow,0.1,6618,5362,3543,0.8102145663342399,0.6607609101081686,0.762283168767179,0.7726835372095068,0.5654114061159485,-0.023045859968024145,0.8536822352641075,1.0,5.466057441253263,-0.026356052959696147,0.05362851116802784,,0.0915190638289489,1.892607932541978e-11,-0.0005193338978266998,0.0016107751511819674,0.3384137736381598,0.23749312809235845,-0.00036745406824146854,0.0022457891453524646,0.2726502963590178,0.25838372732270476,-0.0009916589434661714,0.002104499274310595,0.2209991532599492,0.20505772402418912
PRES-2024-KH,15,percentage,0.02,12:00:00,0:30:00,flow,0.2,1618,1125,721,0.6953028430160693,0.6408888888888888,0.6426458284335229,0.6786914921472165,0.0440536404715675,-0.06313967159853466,0.9005754232779196,1.0,5.670222222222222,-0.09005680097293683,0.00249964756768343,,0.2831833536053803,3.4357222957393486e-22,-0.0009847434119278746,0.002004950495049506,0.361997226074896,0.2103960396039604,-7.281553398057909e-05,0.003223880597014928,0.21220527045769763,0.3118811881188119,0.00020066889632107228,0.003333333333333336,0.17753120665742025,0.2103960396039604
PRES-2024-KH,15,percentage,0.02,12:00:00,1:00:00,count,0.5,28751,26768,17695,0.9310284859657055,0.6610505080693365,0.8495216907739352,0.862595384653832,0.5520497064895722,-0.21112862298320687,0.959595674999907,1.0,5.74155708308428,-0.04475528903491058,2.3763767610595326e-13,,0.08678283195038873,6.442027382890626e-46,0.0005849109918055959,0.0005797420919210843,0.338231138739757,0.20544472611043757,0.0006827844406370974,0.0007612653618570777,0.3289629838937553,0.21018406260332856,0.0004639248612494673,0.0007456865989127863,0.29189036450974853,0.2100738454755869
PRES-2024-KH,15,percentage,0.02,12:00:00,1:00:00,flow,0.05,17334,16121,10772,0.9300219222337602,0.6681967619874698,0.822032722079047,0.8394282296680782,0.14570041898742886,-0.1383239940789064,0.9551786734262312,1.0,5.730661869611066,-0.04742694439824982,1.6947477498044076e-09,,0.10710568537911362,2.405048539714592e-42,0.0004326030449313044,0.0007814544774724247,0.3447827701448199,0.20209384931762947,0.000611210809669588,0.001077042499514846,0.3287226141849239,0.20022434099831743,0.0003845243729294849,0.0009846468781985675,0.28945414036390643,0.19125070106561975
PRES-2024-KH,15,percentage,0.02,12:00:00,1:00:00,flow,0.1,6618,6081,4200,0.9188576609247506,0.6906758756783424,0.7661758347999656,0.7849925617951649,0.4835422702757415,-0.022693351878911576,0.9496706358946941,1.0,5.606150304226278,-0.03576477688118588,0.005282477222784868,,0.06992859638623661,4.797755221366479e-08,-0.00035238095238095135,0.0014088250930356196,0.35595238095238096,0.24614566719829878,0.00021901857499307046,0.002065095398428733,0.33785714285714286,0.2727272727272727,-0.0001621796951021723,0.0020414381474710554,0.2783333333333333,0.23870281765018608
PRES-2024-KH,15,percentage,0.02,12:00:00,1:00:00,flow,0.2,1618,1317,930,0.8139678615574784,0.7061503416856492,0.6721141893906311,0.6896972775194161,0.4074784064739325,0.08340894928439804,0.9799612231888212,1.0,5.854973424449507,-0.04303311130641919,0.1185395384318913,,0.26301538402909286,2.8065834672800973e-22,-0.0007956989247311773,0.0015762273901808784,0.37849462365591396,0.21963824289405684,0.0005994550408719385,0.0019613259668508306,0.34623655913978496,0.2454780361757106,0.0010774410774410795,0.002394822006472494,0.2752688172043011,0.20671834625322996
PRES-2024-KH,15,percentage,0.02,12:00:00,2:00:00,count,0.5,28751,27743,18963,0.964940349900873,0.6835237717622463,0.8683625603714218,0.887557578875271,4.195209266595859e-07,-0.14636693444371465,0.9912420027201554,1.0,5.777493421764048,-0.03894861575516718,8.609827984747239e-11,,0.08543773731059437,4.105627032913952e-46,0.0006222644096398259,0.0005569476082004554,0.3441965933660286,0.1970387243735763,0.0007709226257613369,0.0006157578558225508,0.349733691926383,0.20501138952164008,0.0007189581707975765,0.00058223992502343,0.3281653746770026,0.21708428246013667
PRES-2024-KH,15,percentage,0.02,12:00:00,2:00:00,flow,0.05,17334,16762,11559,0.9670012691819545,0.6895955136618542,0.8412386230037515,0.866139574541891,1.7260107592748228e-06,-0.1023021914223228,0.9887048831161152,1.0,5.759634888438134,-0.031604943539311814,4.2665432806588216e-05,,0.10806262307781438,1.0111201364163585e-44,0.0004905268621853112,0.000693830482413992,0.35599965394930355,0.18931385738996734,0.0006417509042010585,0.0009160156250000003,0.35669175534215763,0.19008264462809918,0.0006100325219276645,0.0008117787504974134,0.3253741673155117,0.20276763405727466
PRES-2024-KH,15,percentage,0.02,12:00:00,2:00:00,flow,0.1,6618,6411,4592,0.9687216681776972,0.7162689128061145,0.7854101673121157,0.8065541443467431,0.14371924763083108,-0.004547592885603182,0.9870824169370923,1.0,5.653408204648261,-0.031188476835930814,0.012512822207175608,,0.07704814122003217,6.52786975438054e-10,-0.0003745644599303124,0.0014843320505772404,0.35997386759581884,0.24079164376030787,0.00019981412639405452,0.0016760722347629808,0.38414634146341464,0.251236943375481,0.00019904257999496254,0.0017350527549824157,0.33405923344947736,0.24354040681693237
PRES-2024-KH,15,percentage,0.02,12:00:00,2:00:00,flow,0.2,1618,1490,1078,0.9208899876390606,0.723489932885906,0.6749511338069792,0.6781974436813666,0.12458076575892639,0.181863343943835,0.999558655972161,1.0,5.942281879194631,-0.0002804419082617117,0.9913701546065811,,0.26533119964197727,1.995700866044439e-25,-0.0008441558441558382,0.0013106796116504847,0.38311688311688313,0.22330097087378642,4.329004329005186e-05,0.001078947368421055,0.3803339517625232,0.1966019417475728,0.000618421052631583,0.0016298342541436481,0.3014842300556586,0.220873786407767
PRES-2024-KH,15,z_score,2.0,"1 day, 0:00:00",0:30:00,count,0.5,5933,4559,4389,0.7684139558402158,0.9627111208598377,0.8565468476226428,0.8712549577562182,0.953179655560968,0.8391221469058355,0.9702500222109337,1.0,4.126562842728669,-0.04532325565148673,0.0022061631275401903,,-0.07802468190401196,1.32862462613649e-07,0.0003964456596035572,-0.0007647058823529373,0.6019594440647072,0.5294117647058824,0.00019666269368295912,-0.0010606060606060557,0.532239690134427,0.5,-0.0008354430379746812,-0.002276422764227638,0.44862155388471175,0.4764705882352941
PRES-2024-KH,15,z_score,2.0,"1 day, 0:00:00",0:30:00,flow,0.05,3544,2761,2635,0.7790632054176072,0.9543643607388628,0.8366950202361573,0.8750234805962097,0.056512232734087266,0.8279694713171111,0.9650461813397423,1.0,3.634552698297718,-0.06196897285150753,0.0011226764625397723,,-0.032271952107089726,0.08999757896442048,-0.0009677419354838686,-0.001507936507936504,0.6402277039848198,0.5079365079365079,-0.0013856589147286803,-0.0018446601941747535,0.5597722960151803,0.5079365079365079,-0.0024899367452558933,-0.0029591836734693846,0.4823529411764706,0.49206349206349204
PRES-2024-KH,15,z_score,2.0,"1 day, 0:00:00",0:30:00,flow,0.1,1105,771,725,0.6977375565610859,0.940337224383917,0.7917940941189666,0.8791437709661988,0.02060784224258572,0.8140395749840181,0.960582891229233,1.0,3.6990920881971467,-0.0695326556588647,0.053618105585751634,,-0.06020888661599176,0.0947974196378866,-0.003931034482758619,-0.0013043478260869553,0.593103448275862,0.391304347826087,-0.004701195219123506,-0.0008823529411764681,0.44551724137931037,0.41304347826086957,-0.006519480519480522,-0.0021874999999999985,0.35172413793103446,0.2608695652173913
PRES-2024-KH,15,z_score,2.0,"1 day, 0:00:00",0:30:00,flow,0.2,348,157,152,0.4511494252873563,0.9681528662420382,0.7176755282446683,0.9271460299344485,0.12005456792548186,0.8835404916396475,0.9769428939271492,1.0,3.9426751592356686,-0.06320407142699053,0.431631473537583,,0.004868434808259499,0.9517461047959265,-0.0032894736842105183,0.0,0.6052631578947368,0.0,-0.0022352941176470528,0.008000000000000007,0.24342105263157895,0.8,-0.0035000000000000014,0.0,0.17763157894736842,0.0
PRES-2024-KH,15,z_score,2.0,"1 day, 0:00:00",1:00:00,count,0.5,5933,5159,4938,0.8695432327658857,0.9571622407443303,0.8640440245942398,0.8582351831658418,0.3267017240970562,0.8543350286425642,0.99353526863706,1.0,4.521418879627835,-0.021802912913246018,0.11738922639372215,,-0.06365154259594683,4.753583968986009e-06,0.0007209396516808461,-0.0004524886877828043,0.6091535034426894,0.49321266968325794,0.0007668418537983791,-0.001562499999999999,0.5866747671121911,0.5384615384615384,-0.00013348164627363405,-0.0020809248554913276,0.5103280680437424,0.4796380090497738
PRES-2024-KH,15,z_score,2.0,"1 day, 0:00:00",1:00:00,flow,0.05,3544,3142,2992,0.886568848758465,0.9522597071928708,0.8383755357211423,0.8543680187207546,0.07024291530902685,0.8497981833010289,0.9927635699599844,1.0,4.01973265436028,-0.046838962540262916,0.008642365150709071,,-0.014597921539180941,0.41336675114187804,-0.0006450534759358264,-0.0005999999999999991,0.6417112299465241,0.52,-0.0006523437499999979,-0.00176923076923077,0.6106283422459893,0.5333333333333333,-0.0015325147794452007,-0.002583333333333333,0.5370989304812834,0.47333333333333333
PRES-2024-KH,15,z_score,2.0,"1 day, 0:00:00",1:00:00,flow,0.1,1105,892,828,0.8072398190045249,0.9282511210762332,0.7865006857244415,0.8287271267856745,0.01722364785890087,0.8324070671967738,0.9915057572520574,1.0,3.8710762331838566,-0.03210025039482961,0.33825423404777893,,-0.04349059173418143,0.19439089207476115,-0.0037560386473429936,-0.0004687499999999987,0.5966183574879227,0.515625,-0.003394886363636362,0.0003773584905660381,0.5676328502415459,0.53125,-0.0047491039426523305,-0.001200000000000001,0.44565217391304346,0.4375
PRES-2024-KH,15,z_score,2.0,"1 day, 0:00:00",1:00:00,flow,0.2,348,208,199,0.5977011494252874,0.9567307692307693,0.7085206736927185,0.7326566039049927,0.3801355821617427,0.8816146222578669,0.9974224484178028,1.0,3.985576923076923,0.05981913201976407,0.3907303197519724,,0.003507885158730628,0.9598939108874225,-0.003015075376884414,-0.002222222222222212,0.6432160804020101,0.2222222222222222,-0.0017808219178082124,0.001666666666666668,0.4321608040201005,0.3333333333333333,-0.003653846153846153,0.0,0.2914572864321608,0.0
PRES-2024-KH,15,z_score,2.0,"1 day, 0:00:00",2:00:00,count,0.5,5933,5534,5310,0.9327490308444295,0.9595229490422841,0.8765616836349277,0.8758854491495749,0.27308543732909163,0.8465115243617494,0.9989326981329232,1.0,4.7385254788579685,-0.011016262634805431,0.41258733471407855,,-0.06114196585334608,5.3230746624489695e-06,0.0009020715630885161,0.0012946428571428612,0.611864406779661,0.5848214285714286,0.0008625393494228787,0.0011111111111111159,0.6152542372881356,0.5982142857142857,0.0002654662973222568,0.0006315789473684245,0.560075329566855,0.5535714285714286
PRES-2024-KH,15,z_score,2.0,"1 day, 0:00:00",2:00:00,flow,0.05,3544,3363,3223,0.9489277652370203,0.9583705025275052,0.8518485643316456,0.8737752055071376,0.22035404328954866,0.8471331659525415,0.9986373555331854,1.0,4.2206363366042225,-0.02378407647402478,0.16790903494425555,,-0.01264086734591061,0.4636693912890342,-0.00031337263419174455,0.0009285714285714333,0.6459820043437791,0.6214285714285714,-0.0005662936588674099,0.0007633587786259599,0.6407074154514427,0.6214285714285714,-0.0011501120238984297,0.00032258064516129417,0.5829972075705864,0.5785714285714286
PRES-2024-KH,15,z_score,2.0,"1 day, 0:00:00",2:00:00,flow,0.1,1105,981,926,0.8877828054298642,0.9439347604485219,0.7958508586097419,0.8529386929853221,0.031159711870238603,0.8398316775039071,0.9984374578635191,1.0,4.115188583078491,-0.03551208929174905,0.2664806841355238,,-0.03745819771626216,0.24114055177554317,-0.0034233261339092864,0.00018181818181818804,0.5993520518358532,0.6181818181818182,-0.003285024154589369,0.00037735849056604433,0.6015118790496761,0.6545454545454545,-0.004149659863945578,-0.0003999999999999981,0.5064794816414687,0.5454545454545454
PRES-2024-KH,15,z_score,2.0,"1 day, 0:00:00",2:00:00,flow,0.2,348,259,248,0.7442528735632183,0.9575289575289575,0.7162496586696218,0.6700880426219843,0.2528232790905265,0.8669014142277981,0.9997449199193873,1.0,4.38996138996139,0.023936093001775887,0.7014182992329986,,0.028972350377741467,0.642570393890319,-0.0024596774193548303,2.0185873175002847e-17,0.6491935483870968,0.7272727272727273,-0.0016410256410256316,0.0022222222222222487,0.4838709677419355,0.7272727272727273,-0.0032885906040268412,0.0014285714285714299,0.3346774193548387,0.45454545454545453
PRES-2024-KH,15,z_score,2.0,12:00:00,0:30:00,count,0.5,5788,4494,4325,0.77643400138217,0.9623943035157988,0.8545864433337194,0.8704931527725274,0.8293507992199749,0.8375378046176922,0.9698197265820309,1.0,4.072318647085003,-0.0504203305454589,0.0007215599264325509,,-0.07271388204524168,1.0627606392004733e-06,0.00030520231213873166,-0.0008284023668639015,0.6011560693641619,0.5266272189349113,0.00011715229798738697,-0.0010606060606060557,0.5347976878612717,0.5029585798816568,-0.0008780841799709701,-0.002276422764227638,0.4531791907514451,0.47928994082840237
PRES-2024-KH,15,z_score,2.0,12:00:00,0:30:00,flow,0.05,3589,2751,2643,0.7665087768180552,0.960741548527808,0.839891793204639,0.8547533655818123,0.5293277482168085,0.8361788876528157,0.9690231299593466,1.0,3.897128316975645,-0.022584842757835608,0.23633899248585563,,-0.03649080384350735,0.05565731221926527,-0.0003934922436625017,-0.002037037037037034,0.6246689368142263,0.48148148148148145,-0.0007639231148348917,-0.0024691358024691327,0.5421869088157397,0.4537037037037037,-0.0018007202881152448,-0.0029870129870129838,0.4559213015512675,0.4166666666666667
PRES-2024-KH,15,z_score,2.0,12:00:00,0:30:00,flow,0.1,1457,1014,969,0.6959505833905285,0.9556213017751479,0.7899503678322692,0.861015415819368,0.033783166068317216,0.8356028242038824,0.9627311620738356,1.0,3.5729783037475347,-0.04491909220758807,0.1529087398845375,,-0.06493957026369318,0.03868456481891574,-0.0040970072239422065,-0.0028888888888888914,0.628482972136223,0.4444444444444444,-0.004824191279887482,-0.0036363636363636394,0.4984520123839009,0.4666666666666667,-0.006203208556149733,-0.004687500000000004,0.4241486068111455,0.35555555555555557
PRES-2024-KH,15,z_score,2.0,12:00:00,0:30:00,flow,0.2,427,216,215,0.5058548009367682,0.9953703703703703,0.7149134885271047,0.9415239649467942,0.4133919175500418,0.9098885894122481,0.9713873333303722,1.0,3.6481481481481484,-0.0012879629750112004,0.9849852702189716,,-0.11390249658970984,0.09497023366661035,-0.004465116279069759,-0.010000000000000009,0.6604651162790698,1.0,-0.005327868852459008,-0.010000000000000009,0.3395348837209302,1.0,-0.005789473684210526,-0.010000000000000009,0.2651162790697674,1.0
PRES-2024-KH,15,z_score,2.0,12:00:00,1:00:00,count,0.5,5788,5065,4844,0.875086385625432,0.9563672260612044,0.8617201133178785,0.8582351831658418,0.5478064876925708,0.8519320960072344,0.9934152913916273,1.0,4.458045409674235,-0.028787680935914717,0.040491070035413704,,-0.05759527774182112,4.106925737321051e-05,0.0005924855491329512,-0.0004524886877828043,0.606729975227085,0.49321266968325794,0.0006726348899104803,-0.001562499999999999,0.5904211395540875,0.5384615384615384,-0.0001790209790209757,-0.0020809248554913276,0.5173410404624278,0.4796380090497738
PRES-2024-KH,15,z_score,2.0,12:00:00,1:00:00,flow,0.05,3589,3131,3000,0.8723878517692951,0.9581603321622485,0.8408771330053605,0.863228387986243,0.13427037646143333,0.8619850902205228,0.9934337281995457,1.0,4.256467582242095,-0.0232494266141567,0.19340024578561418,,-0.019964234408284973,0.2640923638872136,-0.00011333333333333032,-0.0011450381679389307,0.6293333333333333,0.5343511450381679,-5.483744614179141e-05,-0.0014529914529914534,0.603,0.5343511450381679,-0.0008733424782807475,-0.002095238095238095,0.522,0.44274809160305345
PRES-2024-KH,15,z_score,2.0,12:00:00,1:00:00,flow,0.1,1457,1204,1141,0.8263555250514756,0.9476744186046512,0.7917336692069431,0.8317211242841828,0.027431117361592473,0.8445764464834439,0.9923175668484426,1.0,3.9551495016611296,-0.014678527461604161,0.6108754266770129,,-0.04634282701742331,0.10800408285686577,-0.00359333917616126,-0.0030158730158730152,0.635407537248028,0.4603174603174603,-0.0035632183908045965,-0.003137254901960785,0.5723049956178791,0.5079365079365079,-0.004237074401008826,-0.0040476190476190456,0.5074496056091148,0.36507936507936506
PRES-2024-KH,15,z_score,2.0,12:00:00,1:00:00,flow,0.2,427,266,259,0.6229508196721312,0.9736842105263158,0.7212515681268736,0.7837707972073422,0.23209835627097086,0.9110996280458201,0.9971632904322962,1.0,3.8947368421052633,0.03192110093182762,0.6042505821660675,,-0.06053457706804944,0.32534086756847713,-0.0044787644787644704,-0.001428571428571414,0.694980694980695,0.14285714285714285,-0.004472361809045219,-0.0020000000000000018,0.5057915057915058,0.14285714285714285,-0.004965034965034963,-0.0020000000000000018,0.35135135135135137,0.14285714285714285
PRES-2024-KH,15,z_score,2.0,12:00:00,2:00:00,count,0.5,5788,5417,5193,0.9359018659295093,0.9586486985416282,0.8749412823018059,0.8758854491495749,0.3877178859051813,0.8455743500873533,0.9989096458311975,1.0,4.671774044674174,-0.011767212085743262,0.38654494154744795,,-0.055459053320998736,4.426654128034529e-05,0.0007433082996341258,0.0012946428571428612,0.6065857885615251,0.5848214285714286,0.0007488798805205926,0.0011111111111111159,0.6175621028307337,0.5982142857142857,0.00017289719626168562,0.0006315789473684245,0.5651839014057385,0.5535714285714286
PRES-2024-KH,15,z_score,2.0,12:00:00,2:00:00,flow,0.05,3589,3376,3224,0.9406519921983839,0.9549763033175356,0.8543214447548119,0.8763549775828494,0.12839233481032605,0.8479173587304256,0.9988922920783947,1.0,4.476303317535545,-0.015071028746145358,0.3813547873893067,,-0.020695384930972026,0.2293035741604716,9.305210918114442e-05,0.0011842105263157941,0.6352357320099256,0.5723684210526315,-8.264462809917056e-05,0.0007971014492753678,0.6296526054590571,0.5460526315789473,-0.0005259175179719997,0.0003200000000000038,0.5716501240694789,0.506578947368421
PRES-2024-KH,15,z_score,2.0,12:00:00,2:00:00,flow,0.1,1457,1334,1277,0.9155799588194921,0.9572713643178411,0.8043885291970236,0.8418402310270551,0.2144048143324676,0.8405483824093664,0.9987696228093457,1.0,4.212893553223388,-0.027358154628989374,0.3180474103297633,,-0.03964955452122063,0.14779317776913847,-0.003257635082223961,-0.0017543859649122744,0.6366483946750195,0.5789473684210527,-0.0033648068669527875,-0.001960784313725481,0.6115896632732968,0.5263157894736842,-0.003832512315270935,-0.0018604651162790636,0.557556773688332,0.5263157894736842
PRES-2024-KH,15,z_score,2.0,12:00:00,2:00:00,flow,0.2,427,329,316,0.7704918032786885,0.9604863221884499,0.7172377130616677,0.6606115826563841,0.18012697156887714,0.8387228505378617,0.9996101457583111,1.0,4.5167173252279635,-0.009616212527355318,0.8620521521647047,,-0.01954819601407256,0.7238962285145797,-0.0033860759493670825,-0.002307692307692284,0.6867088607594937,0.8461538461538461,-0.004117647058823518,-0.0036363636363636095,0.5348101265822784,0.46153846153846156,-0.004842105263157889,1.2335811384723961e-17,0.3987341772151899,0.46153846153846156
